professor_name,review_text
Abdur Sikder,Moderate workload. Amount of material is typical for this type of course. Take it if needed.
Abdur Sikder,Difficult to reach. Seems unavailable when you need help. Not my best college experience.
Abdur Sikder,Communicates expectations clearly. Always available when you need help. Great learning experience.
Abdur Sikder,Great at breaking down complex topics. Delivers content in an understandable way. Highly recommend this professor!
Akila de Silva,Grades fairly based on the rubric provided at the beginning. Great learning experience.
Akila de Silva,Harsh grader. Grades don't reflect effort put in. Try to avoid if possible.
Akila de Silva,Communicates clearly about expectations. Feedback is provided regularly. Take it if needed.
Akila de Silva,Clear explanations and great use of examples. Really helped me understand the material. Highly recommend this professor!
Anagha Kulkarni,Grades seem arbitrary. Hard to predict what will get full credit. Try to avoid if possible.
Anagha Kulkarni,Rigorous course but teaches you valuable skills. Worth the effort. One of my favorite professors.
Anagha Kulkarni,Great project-based learning approach. Practical and engaging. Take this class if you can!
Anagha Kulkarni,Standard grading. Tests and assignments are graded fairly based on rubrics. Take it if needed.
Andrew Scott,Course organization is confusing. Topics don't flow logically. Not my best college experience.
Andrew Scott,Communicates clearly about expectations. Feedback is provided regularly. Standard college experience.
Andrew Scott,Engaging lectures. Professor makes the subject interesting and accessible. Highly recommend this professor!
Andrew Scott,Fair grader. Clear rubrics and rubrics are well-explained. Grades are consistent. Great learning experience.
Anthony Souza,Great at breaking down complex topics. Delivers content in an understandable way. Worth the effort!
Anthony Souza,Difficulty grader. Even correct work sometimes gets marked down. Not my best college experience.
Anthony Souza,Office hours are available if needed. Responds to student questions. Decent choice.
Anthony Souza,Great project-based learning approach. Practical and engaging. One of my favorite professors.
Arno Puder,Harsh grader. Grades don't reflect effort put in. Not my best college experience.
Arno Puder,Open to feedback and adjusts the course based on student needs. One of my favorite professors.
Arno Puder,Amazing professor! Explains concepts clearly and is always available for questions. One of my favorite professors.
Arno Puder,Communicates clearly about expectations. Feedback is provided regularly. Take it if needed.
Barry Levine,Rigorous course but teaches you valuable skills. Worth the effort. Great learning experience.
Barry Levine,Course is poorly structured. Assignments don't align with lectures. Try to avoid if possible.
Barry Levine,Amazing professor! Explains concepts clearly and is always available for questions. Worth the effort!
Barry Levine,"Organized course. Clear structure and reasonable progression of topics. If you need this course, this is a fine option."
Brian Parra,One of the best teachers I've had. Passionate about the subject and it shows. Highly recommend this professor!
Brian Parra,Okay professor. Explains concepts but could be more engaging. Decent choice.
Brian Parra,Course organization is confusing. Topics don't flow logically. Could be better.
Brian Parra,Hard class but you learn a lot. The difficulty is appropriate for the subject. Worth the effort!
Briana Miranda,Difficulty level was higher than expected. Not enough support provided. Not my best college experience.
Briana Miranda,Fair grader. Clear rubrics and rubrics are well-explained. Grades are consistent. Highly recommend this professor!
Briana Miranda,Great project-based learning approach. Practical and engaging. Highly recommend this professor!
Briana Miranda,Standard difficulty level. Not easy but not unreasonably hard. Take it if needed.
Daniel Tomasevich,Well-structured course. You know what to expect and when. Standard college experience.
Daniel Tomasevich,Takes time to understand but totally worth it. Built strong foundations. Great learning experience.
Daniel Tomasevich,Excellent lecturer. Very knowledgeable and engaging. Made complex concepts easy to understand. Worth the effort!
Daniel Tomasevich,Strict rubrics with little room for partial credit. Unforgiving grading. Frustrating course overall.
Dragutin Petkovic,Lectures are hard to follow. Goes too fast without adequate explanation. Try to avoid if possible.
Dragutin Petkovic,Office hours are available if needed. Responds to student questions. Take it if needed.
Dragutin Petkovic,Fair grader. Clear rubrics and rubrics are well-explained. Grades are consistent. Worth the effort!
Dragutin Petkovic,Engaging lectures. Professor makes the subject interesting and accessible. Take this class if you can!
Duc Ta,Well-organized course. Topics flow logically and prerequisites are clear. Highly recommend this professor!
Duc Ta,Course was overwhelming. Too many concepts crammed together. Try to avoid if possible.
Duc Ta,Well-organized course. Topics flow logically and prerequisites are clear. Worth the effort!
Duc Ta,Course is as difficult as expected for the subject. Fair amount of work. Decent choice.
Elizabeth Mathiasen,Disorganized course. Syllabus doesn't match what actually happens. Could be better.
Elizabeth Mathiasen,Fair grader. Clear rubrics and rubrics are well-explained. Grades are consistent. Take this class if you can!
Elizabeth Mathiasen,Medium difficulty. Course content is comprehensive but manageable. Take it if needed.
Elizabeth Mathiasen,Well-organized course. Topics flow logically and prerequisites are clear. Take this class if you can!
Henry Villar,Well-organized course. Topics flow logically and prerequisites are clear. Great learning experience.
Henry Villar,Moderate workload. Amount of material is typical for this type of course. It's what you make of it.
Henry Villar,Fair grader. Clear rubrics and rubrics are well-explained. Grades are consistent. One of my favorite professors.
Henry Villar,Course was overwhelming. Too many concepts crammed together. Could be better.
Hugh Hui,"Fair grader. Grades based on the rubric provided in the syllabus. If you need this course, this is a fine option."
Hugh Hui,Bad course design. Prerequisites not clearly indicated. Not recommended unless required.
Hugh Hui,Challenging but fair. The material is difficult but the professor makes it manageable. Great learning experience.
Hugh Hui,Open to feedback and adjusts the course based on student needs. One of my favorite professors.
Hui Yang,Very responsive to emails and questions. Approachable and helpful. Highly recommend this professor!
Hui Yang,Strict rubrics with little room for partial credit. Unforgiving grading. Not my best college experience.
Hui Yang,Standard difficulty level. Not easy but not unreasonably hard. Take it if needed.
Hui Yang,Excellent lecturer. Very knowledgeable and engaging. Made complex concepts easy to understand. Great learning experience.
Ilmi Yoon,"Gets the job done with communication. Responsive but not overly available. If you need this course, this is a fine option."
Ilmi Yoon,Excellent course design. Assignments are well-structured and build on each other. One of my favorite professors.
Ilmi Yoon,Excellent course design. Assignments are well-structured and build on each other. Great learning experience.
Ilmi Yoon,Difficult to understand explanations. Could benefit from clearer delivery. Could be better.
Isabel Hyo Jung Song,Difficult to reach. Seems unavailable when you need help. Frustrating course overall.
Isabel Hyo Jung Song,Great at breaking down complex topics. Delivers content in an understandable way. Worth the effort!
Isabel Hyo Jung Song,Office hours are available if needed. Responds to student questions. Decent choice.
Isabel Hyo Jung Song,Great office hours. Always willing to help and explain concepts further. One of my favorite professors.
Ivan Corneillet,Strict rubrics with little room for partial credit. Unforgiving grading. Could be better.
Ivan Corneillet,Rigorous course but teaches you valuable skills. Worth the effort. Worth the effort!
Ivan Corneillet,Amazing professor! Explains concepts clearly and is always available for questions. Take this class if you can!
Ivan Corneillet,"Fair grader. Grades based on the rubric provided in the syllabus. If you need this course, this is a fine option."
James Wong,Grading is what you'd expect. Clear standards and consistent application. Decent choice.
James Wong,Well-organized course. Topics flow logically and prerequisites are clear. Worth the effort!
James Wong,Great project-based learning approach. Practical and engaging. Worth the effort!
James Wong,Not the clearest instructor. Could explain concepts better before diving deep. Frustrating course overall.
Jennifer Nelson,Poor communication about expectations. Lots of ambiguity. Frustrating course overall.
Jennifer Nelson,Grades fairly based on the rubric provided at the beginning. Take this class if you can!
Jennifer Nelson,Well-organized course. Topics flow logically and prerequisites are clear. One of my favorite professors.
Jennifer Nelson,"Grading is straightforward. If you do the work, you get a decent grade. Standard college experience."
Jingyi Wang,Disorganized course. Syllabus doesn't match what actually happens. Not recommended unless required.
Jingyi Wang,Takes time to understand but totally worth it. Built strong foundations. Highly recommend this professor!
Jingyi Wang,Clear explanations and great use of examples. Really helped me understand the material. Highly recommend this professor!
Jingyi Wang,Available during office hours. Responds to emails within a few days. Decent choice.
John Roberts,Clear explanations and great use of examples. Really helped me understand the material. Worth the effort!
John Roberts,Very responsive to emails and questions. Approachable and helpful. Worth the effort!
John Roberts,"Course design is solid. Assignments connect to lecture material. If you need this course, this is a fine option."
John Roberts,Lectures are hard to follow. Goes too fast without adequate explanation. Could be better.
Jose Ortiz-Costa,Challenging but fair. The material is difficult but the professor makes it manageable. Take this class if you can!
Jose Ortiz-Costa,Course was overwhelming. Too many concepts crammed together. Not my best college experience.
Jose Ortiz-Costa,Communicates clearly about expectations. Feedback is provided regularly. Decent choice.
Jose Ortiz-Costa,Great office hours. Always willing to help and explain concepts further. One of my favorite professors.
Joseph Hui,Boring lectures. Lacks enthusiasm and makes the material feel dry. Try to avoid if possible.
Joseph Hui,Straightforward instructor. Teaches what's in the syllabus. Take it if needed.
Joseph Hui,Engaging lectures. Professor makes the subject interesting and accessible. Worth the effort!
Joseph Hui,Great office hours. Always willing to help and explain concepts further. One of my favorite professors.
Jozo Dujmovic,"Delivers content as expected. Not the most engaging but competent. If you need this course, this is a fine option."
Jozo Dujmovic,Great office hours. Always willing to help and explain concepts further. Take this class if you can!
Jozo Dujmovic,Fantastic instructor. Brings enthusiasm to every class. Great learning experience.
Jozo Dujmovic,Bad course design. Prerequisites not clearly indicated. Try to avoid if possible.
Julia Cluceru,Communicates clearly about expectations. Feedback is provided regularly. Standard college experience.
Julia Cluceru,Difficulty level was higher than expected. Not enough support provided. Could be better.
Julia Cluceru,Transparent grading. Always explains why you got the grade you did. Highly recommend this professor!
Julia Cluceru,Generous with partial credit. Appreciates effort and understanding. Highly recommend this professor!
Karun Mehta,Engaging lectures. Professor makes the subject interesting and accessible. Great learning experience.
Karun Mehta,"Standard difficulty level. Not easy but not unreasonably hard. If you need this course, this is a fine option."
Karun Mehta,Great at breaking down complex topics. Delivers content in an understandable way. One of my favorite professors.
Karun Mehta,Course organization is confusing. Topics don't flow logically. Frustrating course overall.
Kaz Okada,Difficulty grader. Even correct work sometimes gets marked down. Frustrating course overall.
Kaz Okada,Course is as difficult as expected for the subject. Fair amount of work. It's what you make of it.
Kaz Okada,Grades fairly based on the rubric provided at the beginning. Great learning experience.
Kaz Okada,Challenging but fair. The material is difficult but the professor makes it manageable. Take this class if you can!
Kimbrough Moore,Delivers content as expected. Not the most engaging but competent. Standard college experience.
Kimbrough Moore,Excellent course design. Assignments are well-structured and build on each other. Highly recommend this professor!
Kimbrough Moore,Difficulty level was higher than expected. Not enough support provided. Not recommended unless required.
Kimbrough Moore,Takes time to understand but totally worth it. Built strong foundations. Great learning experience.
Lawrence Kroll,Great office hours. Always willing to help and explain concepts further. Highly recommend this professor!
Lawrence Kroll,Grades seem arbitrary. Hard to predict what will get full credit. Try to avoid if possible.
Lawrence Kroll,"Standard difficulty level. Not easy but not unreasonably hard. If you need this course, this is a fine option."
Lawrence Kroll,Clear explanations and great use of examples. Really helped me understand the material. Take this class if you can!
Mark Davis,Delivers content as expected. Not the most engaging but competent. Standard college experience.
Mark Davis,"Too much content, not enough time to absorb it properly. Not recommended unless required."
Mark Davis,Communicates expectations clearly. Always available when you need help. Worth the effort!
Mark Davis,Fair grader. Clear rubrics and rubrics are well-explained. Grades are consistent. Worth the effort!
Matt Pico,Very responsive to emails and questions. Approachable and helpful. One of my favorite professors.
Matt Pico,Office hours are available if needed. Responds to student questions. Take it if needed.
Matt Pico,Course was overwhelming. Too many concepts crammed together. Not recommended unless required.
Matt Pico,Communicates expectations clearly. Always available when you need help. Take this class if you can!
Michael Savvides,"Medium difficulty. Course content is comprehensive but manageable. If you need this course, this is a fine option."
Michael Savvides,Strict rubrics with little room for partial credit. Unforgiving grading. Not my best college experience.
Michael Savvides,Hard class but you learn a lot. The difficulty is appropriate for the subject. One of my favorite professors.
Michael Savvides,Very responsive to emails and questions. Approachable and helpful. One of my favorite professors.
Nina Mir,Excellent course design. Assignments are well-structured and build on each other. Worth the effort!
Nina Mir,Takes time to understand but totally worth it. Built strong foundations. Worth the effort!
Nina Mir,Bad course design. Prerequisites not clearly indicated. Not recommended unless required.
Nina Mir,"Organized course. Clear structure and reasonable progression of topics. If you need this course, this is a fine option."
Qun Wang,Boring lectures. Lacks enthusiasm and makes the material feel dry. Not recommended unless required.
Qun Wang,One of the best teachers I've had. Passionate about the subject and it shows. Take this class if you can!
Qun Wang,Very responsive to emails and questions. Approachable and helpful. Worth the effort!
Qun Wang,Decent lecturer. Covers the material but sometimes lacks enthusiasm. It's what you make of it.
Robert Bierman,Difficulty grader. Even correct work sometimes gets marked down. Not my best college experience.
Robert Bierman,Open to feedback and adjusts the course based on student needs. Great learning experience.
Robert Bierman,"Standard teaching approach. Gets the job done but nothing special. If you need this course, this is a fine option."
Robert Bierman,Hard class but you learn a lot. The difficulty is appropriate for the subject. Highly recommend this professor!
Robert Douglas,Great office hours. Always willing to help and explain concepts further. One of my favorite professors.
Robert Douglas,Disorganized course. Syllabus doesn't match what actually happens. Could be better.
Robert Douglas,Course is as difficult as expected for the subject. Fair amount of work. Decent choice.
Robert Douglas,Communicates expectations clearly. Always available when you need help. Great learning experience.
Robert Mateescu,Course is poorly structured. Assignments don't align with lectures. Frustrating course overall.
Robert Mateescu,Amazing professor! Explains concepts clearly and is always available for questions. Highly recommend this professor!
Robert Mateescu,"Standard grading. Tests and assignments are graded fairly based on rubrics. If you need this course, this is a fine option."
Robert Mateescu,Transparent grading. Always explains why you got the grade you did. Great learning experience.
Sanika Doolani,Well-organized course. Topics flow logically and prerequisites are clear. Highly recommend this professor!
Sanika Doolani,"Standard grading. Tests and assignments are graded fairly based on rubrics. If you need this course, this is a fine option."
Sanika Doolani,Difficult to reach. Seems unavailable when you need help. Not my best college experience.
Sanika Doolani,Fantastic instructor. Brings enthusiasm to every class. Great learning experience.
Sara El Alaoui,Harsh grader. Grades don't reflect effort put in. Try to avoid if possible.
Sara El Alaoui,Organized course. Clear structure and reasonable progression of topics. It's what you make of it.
Sara El Alaoui,Amazing professor! Explains concepts clearly and is always available for questions. Great learning experience.
Sara El Alaoui,Engaging lectures. Professor makes the subject interesting and accessible. Worth the effort!
Shah Rukh Humayoun,Poor communication about expectations. Lots of ambiguity. Frustrating course overall.
Shah Rukh Humayoun,Amazing professor! Explains concepts clearly and is always available for questions. Take this class if you can!
Shah Rukh Humayoun,Course is as difficult as expected for the subject. Fair amount of work. Take it if needed.
Shah Rukh Humayoun,Grades fairly based on the rubric provided at the beginning. Highly recommend this professor!
Timothy Sun,Difficult to understand explanations. Could benefit from clearer delivery. Try to avoid if possible.
Timothy Sun,Great project-based learning approach. Practical and engaging. Great learning experience.
Timothy Sun,Grades fairly based on the rubric provided at the beginning. Worth the effort!
Timothy Sun,"Course design is solid. Assignments connect to lecture material. If you need this course, this is a fine option."
Tracy Xuhui Chen,Course is as difficult as expected for the subject. Fair amount of work. Standard college experience.
Tracy Xuhui Chen,Challenging but fair. The material is difficult but the professor makes it manageable. Worth the effort!
Tracy Xuhui Chen,Fair grader. Clear rubrics and rubrics are well-explained. Grades are consistent. Great learning experience.
Tracy Xuhui Chen,Difficult to reach. Seems unavailable when you need help. Not my best college experience.
Wes Bethel,Challenging but fair. The material is difficult but the professor makes it manageable. Great learning experience.
Wes Bethel,Amazing professor! Explains concepts clearly and is always available for questions. Great learning experience.
Wes Bethel,Standard grading. Tests and assignments are graded fairly based on rubrics. Standard college experience.
Wes Bethel,Difficulty grader. Even correct work sometimes gets marked down. Frustrating course overall.
Will Thrift,Clear explanations and great use of examples. Really helped me understand the material. One of my favorite professors.
Will Thrift,Course is organized logically. Topics connect to each other. Take it if needed.
Will Thrift,Boring lectures. Lacks enthusiasm and makes the material feel dry. Try to avoid if possible.
Will Thrift,Excellent course design. Assignments are well-structured and build on each other. One of my favorite professors.
William Hsu,Great at breaking down complex topics. Delivers content in an understandable way. Highly recommend this professor!
William Hsu,Great project-based learning approach. Practical and engaging. Highly recommend this professor!
William Hsu,Bad course design. Prerequisites not clearly indicated. Frustrating course overall.
William Hsu,Medium difficulty. Course content is comprehensive but manageable. It's what you make of it.
Yuki Huynh,Well-organized course. Topics flow logically and prerequisites are clear. Take this class if you can!
Yuki Huynh,Hard to get help. Office hours are limited and email responses are slow. Frustrating course overall.
Yuki Huynh,Communicates expectations clearly. Always available when you need help. Take this class if you can!
Yuki Huynh,Standard teaching approach. Gets the job done but nothing special. It's what you make of it.
Zainab Agha,Poor communication about expectations. Lots of ambiguity. Could be better.
Zainab Agha,Communicates expectations clearly. Always available when you need help. One of my favorite professors.
Zainab Agha,"Well-structured course. You know what to expect and when. If you need this course, this is a fine option."
Zainab Agha,Excellent course design. Assignments are well-structured and build on each other. One of my favorite professors.
